key,value
A,0.074376
B,0.0
C,0.020558
D,0.048679
E,0.065582
F,0.034546
G,0.064949
H,0.0287
I,0.046006
J,0.0
K,0.057346
L,0.09675
M,0.02387
N,0.043317
O,0.0
P,0.057929
Q,0.037851
R,0.056358
S,0.089892
T,0.052348
U,0.0
V,0.054671
W,0.017627
X,0.0
Y,0.028646
Z,0.0
Total,1.000001
