key,value
A,0.070109
B,0.0
C,0.022997
D,0.047392
E,0.071055
F,0.03649
G,0.065713
H,0.026213
I,0.043375
J,0.0
K,0.057346
L,0.099644
M,0.021321
N,0.035884
O,0.0
P,0.063147
Q,0.047682
R,0.056358
S,0.083322
T,0.05353
U,3.0E-6
V,0.059646
W,0.012146
X,0.0
Y,0.026626
Z,0.0
Total,0.999999
