key,value
A,0.070064
B,0.0
C,0.023051
D,0.047425
E,0.071194
F,0.036428
G,0.065743
H,0.026226
I,0.043418
J,0.0
K,0.057379
L,0.099615
M,0.021291
N,0.035789
O,0.0
P,0.063158
Q,0.047742
R,0.056436
S,0.083313
T,0.053581
U,3.0E-6
V,0.059442
W,0.01213
X,0.0
Y,0.026571
Z,0.0
Total,0.9999989999999999
